DATAFLOW,LAST UPDATE,freq,indic_de,geo,TIME_PERIOD,OBS_VALUE,OBS_FLAG
ESTAT:DEMO_NDIVIND$DEFAULTVIEW(1.0),16/05/22 11:00:00,A,DIVMARPCT,AL,2011,19.0,
ESTAT:DEMO_NDIVIND$DEFAULTVIEW(1.0),16/05/22 11:00:00,A,DIVMARPCT,AL,2014,17.8,
ESTAT:DEMO_NDIVIND$DEFAULTVIEW(1.0),16/05/22 11:00:00,A,DIVMARPCT,AL,2015,15.0,
ESTAT:DEMO_NDIVIND$DEFAULTVIEW(1.0),16/05/22 11:00:00,A,DIVMARPCT,AL,2016,24.7,
ESTAT:DEMO_NDIVIND$DEFAULTVIEW(1.0),16/05/22 11:00:00,A,DIVMARPCT,AL,2017,19.9,
ESTAT:DEMO_NDIVIND$DEFAULTVIEW(1.0),16/05/22 11:00:00,A,DIVMARPCT,AL,2018,21.0,
ESTAT:DEMO_NDIVIND$DEFAULTVIEW(1.0),16/05/22 11:00:00,A,DIVMARPCT,AL,2019,26.1,
ESTAT:DEMO_NDIVIND$DEFAULTVIEW(1.0),16/05/22 11:00:00,A,DIVMARPCT,AL,2020,24.4,
ESTAT:DEMO_NDIVIND$DEFAULTVIEW(1.0),16/05/22 11:00:00,A,DIVMARPCT,AM,2011,16.2,
ESTAT:DEMO_NDIVIND$DEFAULTVIEW(1.0),16/05/22 11:00:00,A,DIVMARPCT,AM,2014,23.8,
ESTAT:DEMO_NDIVIND$DEFAULTVIEW(1.0),16/05/22 11:00:00,A,DIVMARPCT,AM,2015,20.8,
ESTAT:DEMO_NDIVIND$DEFAULTVIEW(1.0),16/05/22 11:00:00,A,DIVMARPCT,AM,2016,22.4,
ESTAT:DEMO_NDIVIND$DEFAULTVIEW(1.0),16/05/22 11:00:00,A,DIVMARPCT,AM,2018,25.8,
ESTAT:DEMO_NDIVIND$DEFAULTVIEW(1.0),16/05/22 11:00:00,A,DIVMARPCT,AM,2019,24.9,
ESTAT:DEMO_NDIVIND$DEFAULTVIEW(1.0),16/05/22 11:00:00,A,DIVMARPCT,AT,2011,47.5,
ESTAT:DEMO_NDIVIND$DEFAULTVIEW(1.0),16/05/22 11:00:00,A,DIVMARPCT,AT,2012,44.1,
ESTAT:DEMO_NDIVIND$DEFAULTVIEW(1.0),16/05/22 11:00:00,A,DIVMARPCT,AT,2013,44.2,
ESTAT:DEMO_NDIVIND$DEFAULTVIEW(1.0),16/05/22 11:00:00,A,DIVMARPCT,AT,2014,44.4,
ESTAT:DEMO_NDIVIND$DEFAULTVIEW(1.0),16/05/22 11:00:00,A,DIVMARPCT,AT,2015,36.7,
ESTAT:DEMO_NDIVIND$DEFAULTVIEW(1.0),16/05/22 11:00:00,A,DIVMARPCT,AT,2016,35.5,
ESTAT:DEMO_NDIVIND$DEFAULTVIEW(1.0),16/05/22 11:00:00,A,DIVMARPCT,AT,2017,36.0,
ESTAT:DEMO_NDIVIND$DEFAULTVIEW(1.0),16/05/22 11:00:00,A,DIVMARPCT,AT,2018,35.1,
ESTAT:DEMO_NDIVIND$DEFAULTVIEW(1.0),16/05/22 11:00:00,A,DIVMARPCT,AT,2019,35.4,
ESTAT:DEMO_NDIVIND$DEFAULTVIEW(1.0),16/05/22 11:00:00,A,DIVMARPCT,AZ,2011,12.2,
ESTAT:DEMO_NDIVIND$DEFAULTVIEW(1.0),16/05/22 11:00:00,A,DIVMARPCT,AZ,2012,14.0,
ESTAT:DEMO_NDIVIND$DEFAULTVIEW(1.0),16/05/22 11:00:00,A,DIVMARPCT,AZ,2013,13.5,
ESTAT:DEMO_NDIVIND$DEFAULTVIEW(1.0),16/05/22 11:00:00,A,DIVMARPCT,AZ,2014,14.2,
ESTAT:DEMO_NDIVIND$DEFAULTVIEW(1.0),16/05/22 11:00:00,A,DIVMARPCT,AZ,2015,18.6,
ESTAT:DEMO_NDIVIND$DEFAULTVIEW(1.0),16/05/22 11:00:00,A,DIVMARPCT,AZ,2016,19.6,
ESTAT:DEMO_NDIVIND$DEFAULTVIEW(1.0),16/05/22 11:00:00,A,DIVMARPCT,AZ,2017,23.1,
ESTAT:DEMO_NDIVIND$DEFAULTVIEW(1.0),16/05/22 11:00:00,A,DIVMARPCT,AZ,2018,23.8,
ESTAT:DEMO_NDIVIND$DEFAULTVIEW(1.0),16/05/22 11:00:00,A,DIVMARPCT,AZ,2019,26.8,
ESTAT:DEMO_NDIVIND$DEFAULTVIEW(1.0),16/05/22 11:00:00,A,DIVMARPCT,BA,2012,12.6,
ESTAT:DEMO_NDIVIND$DEFAULTVIEW(1.0),16/05/22 11:00:00,A,DIVMARPCT,BE,2011,67.1,
ESTAT:DEMO_NDIVIND$DEFAULTVIEW(1.0),16/05/22 11:00:00,A,DIVMARPCT,BE,2012,62.0,
ESTAT:DEMO_NDIVIND$DEFAULTVIEW(1.0),16/05/22 11:00:00,A,DIVMARPCT,BE,2013,65.7,
ESTAT:DEMO_NDIVIND$DEFAULTVIEW(1.0),16/05/22 11:00:00,A,DIVMARPCT,BE,2014,61.0,
ESTAT:DEMO_NDIVIND$DEFAULTVIEW(1.0),16/05/22 11:00:00,A,DIVMARPCT,BE,2015,54.8,
ESTAT:DEMO_NDIVIND$DEFAULTVIEW(1.0),16/05/22 11:00:00,A,DIVMARPCT,BE,2016,52.7,
ESTAT:DEMO_NDIVIND$DEFAULTVIEW(1.0),16/05/22 11:00:00,A,DIVMARPCT,BE,2017,52.0,
ESTAT:DEMO_NDIVIND$DEFAULTVIEW(1.0),16/05/22 11:00:00,A,DIVMARPCT,BE,2018,51.3,
ESTAT:DEMO_NDIVIND$DEFAULTVIEW(1.0),16/05/22 11:00:00,A,DIVMARPCT,BE,2019,50.7,
ESTAT:DEMO_NDIVIND$DEFAULTVIEW(1.0),16/05/22 11:00:00,A,DIVMARPCT,BG,2011,49.3,
ESTAT:DEMO_NDIVIND$DEFAULTVIEW(1.0),16/05/22 11:00:00,A,DIVMARPCT,BG,2012,56.4,
ESTAT:DEMO_NDIVIND$DEFAULTVIEW(1.0),16/05/22 11:00:00,A,DIVMARPCT,BG,2013,49.7,
ESTAT:DEMO_NDIVIND$DEFAULTVIEW(1.0),16/05/22 11:00:00,A,DIVMARPCT,BG,2014,43.0,
ESTAT:DEMO_NDIVIND$DEFAULTVIEW(1.0),16/05/22 11:00:00,A,DIVMARPCT,BG,2015,37.8,
ESTAT:DEMO_NDIVIND$DEFAULTVIEW(1.0),16/05/22 11:00:00,A,DIVMARPCT,BG,2016,39.6,
ESTAT:DEMO_NDIVIND$DEFAULTVIEW(1.0),16/05/22 11:00:00,A,DIVMARPCT,BG,2017,36.4,
ESTAT:DEMO_NDIVIND$DEFAULTVIEW(1.0),16/05/22 11:00:00,A,DIVMARPCT,BG,2018,36.6,
ESTAT:DEMO_NDIVIND$DEFAULTVIEW(1.0),16/05/22 11:00:00,A,DIVMARPCT,BG,2019,37.2,
ESTAT:DEMO_NDIVIND$DEFAULTVIEW(1.0),16/05/22 11:00:00,A,DIVMARPCT,BG,2020,40.7,
ESTAT:DEMO_NDIVIND$DEFAULTVIEW(1.0),16/05/22 11:00:00,A,DIVMARPCT,BY,2011,44.5,
ESTAT:DEMO_NDIVIND$DEFAULTVIEW(1.0),16/05/22 11:00:00,A,DIVMARPCT,BY,2012,51.2,
ESTAT:DEMO_NDIVIND$DEFAULTVIEW(1.0),16/05/22 11:00:00,A,DIVMARPCT,BY,2013,41.4,
ESTAT:DEMO_NDIVIND$DEFAULTVIEW(1.0),16/05/22 11:00:00,A,DIVMARPCT,BY,2014,41.5,
ESTAT:DEMO_NDIVIND$DEFAULTVIEW(1.0),16/05/22 11:00:00,A,DIVMARPCT,BY,2015,40.2,
ESTAT:DEMO_NDIVIND$DEFAULTVIEW(1.0),16/05/22 11:00:00,A,DIVMARPCT,BY,2016,50.6,
ESTAT:DEMO_NDIVIND$DEFAULTVIEW(1.0),16/05/22 11:00:00,A,DIVMARPCT,BY,2017,48.3,
ESTAT:DEMO_NDIVIND$DEFAULTVIEW(1.0),16/05/22 11:00:00,A,DIVMARPCT,BY,2018,54.6,
ESTAT:DEMO_NDIVIND$DEFAULTVIEW(1.0),16/05/22 11:00:00,A,DIVMARPCT,CH,2011,41.7,
ESTAT:DEMO_NDIVIND$DEFAULTVIEW(1.0),16/05/22 11:00:00,A,DIVMARPCT,CH,2012,41.1,
ESTAT:DEMO_NDIVIND$DEFAULTVIEW(1.0),16/05/22 11:00:00,A,DIVMARPCT,CH,2013,43.0,
ESTAT:DEMO_NDIVIND$DEFAULTVIEW(1.0),16/05/22 11:00:00,A,DIVMARPCT,CH,2014,40.0,
ESTAT:DEMO_NDIVIND$DEFAULTVIEW(1.0),16/05/22 11:00:00,A,DIVMARPCT,CH,2015,41.0,
ESTAT:DEMO_NDIVIND$DEFAULTVIEW(1.0),16/05/22 11:00:00,A,DIVMARPCT,CH,2016,40.9,
ESTAT:DEMO_NDIVIND$DEFAULTVIEW(1.0),16/05/22 11:00:00,A,DIVMARPCT,CH,2017,39.2,
ESTAT:DEMO_NDIVIND$DEFAULTVIEW(1.0),16/05/22 11:00:00,A,DIVMARPCT,CH,2018,40.6,
ESTAT:DEMO_NDIVIND$DEFAULTVIEW(1.0),16/05/22 11:00:00,A,DIVMARPCT,CH,2019,43.3,
ESTAT:DEMO_NDIVIND$DEFAULTVIEW(1.0),16/05/22 11:00:00,A,DIVMARPCT,CH,2020,46.1,
ESTAT:DEMO_NDIVIND$DEFAULTVIEW(1.0),16/05/22 11:00:00,A,DIVMARPCT,CY,2011,31.1,
ESTAT:DEMO_NDIVIND$DEFAULTVIEW(1.0),16/05/22 11:00:00,A,DIVMARPCT,CY,2012,35.1,
ESTAT:DEMO_NDIVIND$DEFAULTVIEW(1.0),16/05/22 11:00:00,A,DIVMARPCT,CY,2013,33.8,
ESTAT:DEMO_NDIVIND$DEFAULTVIEW(1.0),16/05/22 11:00:00,A,DIVMARPCT,CY,2014,35.0,
ESTAT:DEMO_NDIVIND$DEFAULTVIEW(1.0),16/05/22 11:00:00,A,DIVMARPCT,CY,2015,29.7,
ESTAT:DEMO_NDIVIND$DEFAULTVIEW(1.0),16/05/22 11:00:00,A,DIVMARPCT,CY,2016,30.6,
ESTAT:DEMO_NDIVIND$DEFAULTVIEW(1.0),16/05/22 11:00:00,A,DIVMARPCT,CY,2017,32.8,
ESTAT:DEMO_NDIVIND$DEFAULTVIEW(1.0),16/05/22 11:00:00,A,DIVMARPCT,CY,2018,31.2,
ESTAT:DEMO_NDIVIND$DEFAULTVIEW(1.0),16/05/22 11:00:00,A,DIVMARPCT,CY,2019,29.4,
ESTAT:DEMO_NDIVIND$DEFAULTVIEW(1.0),16/05/22 11:00:00,A,DIVMARPCT,CZ,2011,62.3,
ESTAT:DEMO_NDIVIND$DEFAULTVIEW(1.0),16/05/22 11:00:00,A,DIVMARPCT,CZ,2012,58.4,
ESTAT:DEMO_NDIVIND$DEFAULTVIEW(1.0),16/05/22 11:00:00,A,DIVMARPCT,CZ,2013,64.1,
ESTAT:DEMO_NDIVIND$DEFAULTVIEW(1.0),16/05/22 11:00:00,A,DIVMARPCT,CZ,2014,58.7,
ESTAT:DEMO_NDIVIND$DEFAULTVIEW(1.0),16/05/22 11:00:00,A,DIVMARPCT,CZ,2015,54.1,
ESTAT:DEMO_NDIVIND$DEFAULTVIEW(1.0),16/05/22 11:00:00,A,DIVMARPCT,CZ,2016,49.2,
ESTAT:DEMO_NDIVIND$DEFAULTVIEW(1.0),16/05/22 11:00:00,A,DIVMARPCT,CZ,2017,49.0,
ESTAT:DEMO_NDIVIND$DEFAULTVIEW(1.0),16/05/22 11:00:00,A,DIVMARPCT,CZ,2018,44.6,
ESTAT:DEMO_NDIVIND$DEFAULTVIEW(1.0),16/05/22 11:00:00,A,DIVMARPCT,CZ,2019,44.0,
ESTAT:DEMO_NDIVIND$DEFAULTVIEW(1.0),16/05/22 11:00:00,A,DIVMARPCT,CZ,2020,47.9,
ESTAT:DEMO_NDIVIND$DEFAULTVIEW(1.0),16/05/22 11:00:00,A,DIVMARPCT,DE,2011,49.7,
ESTAT:DEMO_NDIVIND$DEFAULTVIEW(1.0),16/05/22 11:00:00,A,DIVMARPCT,DE,2012,46.2,
ESTAT:DEMO_NDIVIND$DEFAULTVIEW(1.0),16/05/22 11:00:00,A,DIVMARPCT,DE,2013,45.5,
ESTAT:DEMO_NDIVIND$DEFAULTVIEW(1.0),16/05/22 11:00:00,A,DIVMARPCT,DE,2014,43.1,
ESTAT:DEMO_NDIVIND$DEFAULTVIEW(1.0),16/05/22 11:00:00,A,DIVMARPCT,DE,2015,40.8,
ESTAT:DEMO_NDIVIND$DEFAULTVIEW(1.0),16/05/22 11:00:00,A,DIVMARPCT,DE,2016,39.6,
ESTAT:DEMO_NDIVIND$DEFAULTVIEW(1.0),16/05/22 11:00:00,A,DIVMARPCT,DE,2017,37.7,
ESTAT:DEMO_NDIVIND$DEFAULTVIEW(1.0),16/05/22 11:00:00,A,DIVMARPCT,DE,2018,32.9,
ESTAT:DEMO_NDIVIND$DEFAULTVIEW(1.0),16/05/22 11:00:00,A,DIVMARPCT,DE,2019,35.8,
ESTAT:DEMO_NDIVIND$DEFAULTVIEW(1.0),16/05/22 11:00:00,A,DIVMARPCT,DE_TOT,2011,49.7,
ESTAT:DEMO_NDIVIND$DEFAULTVIEW(1.0),16/05/22 11:00:00,A,DIVMARPCT,DE_TOT,2012,46.2,
ESTAT:DEMO_NDIVIND$DEFAULTVIEW(1.0),16/05/22 11:00:00,A,DIVMARPCT,DE_TOT,2013,45.5,
ESTAT:DEMO_NDIVIND$DEFAULTVIEW(1.0),16/05/22 11:00:00,A,DIVMARPCT,DE_TOT,2014,43.1,
ESTAT:DEMO_NDIVIND$DEFAULTVIEW(1.0),16/05/22 11:00:00,A,DIVMARPCT,DE_TOT,2015,40.8,
ESTAT:DEMO_NDIVIND$DEFAULTVIEW(1.0),16/05/22 11:00:00,A,DIVMARPCT,DE_TOT,2016,39.6,
ESTAT:DEMO_NDIVIND$DEFAULTVIEW(1.0),16/05/22 11:00:00,A,DIVMARPCT,DE_TOT,2017,37.7,
ESTAT:DEMO_NDIVIND$DEFAULTVIEW(1.0),16/05/22 11:00:00,A,DIVMARPCT,DE_TOT,2018,32.9,
ESTAT:DEMO_NDIVIND$DEFAULTVIEW(1.0),16/05/22 11:00:00,A,DIVMARPCT,DE_TOT,2019,35.8,
ESTAT:DEMO_NDIVIND$DEFAULTVIEW(1.0),16/05/22 11:00:00,A,DIVMARPCT,DK,2011,53.3,
ESTAT:DEMO_NDIVIND$DEFAULTVIEW(1.0),16/05/22 11:00:00,A,DIVMARPCT,DK,2012,55.1,
ESTAT:DEMO_NDIVIND$DEFAULTVIEW(1.0),16/05/22 11:00:00,A,DIVMARPCT,DK,2013,68.6,
ESTAT:DEMO_NDIVIND$DEFAULTVIEW(1.0),16/05/22 11:00:00,A,DIVMARPCT,DK,2014,68.6,
ESTAT:DEMO_NDIVIND$DEFAULTVIEW(1.0),16/05/22 11:00:00,A,DIVMARPCT,DK,2015,56.6,
ESTAT:DEMO_NDIVIND$DEFAULTVIEW(1.0),16/05/22 11:00:00,A,DIVMARPCT,DK,2016,56.0,
ESTAT:DEMO_NDIVIND$DEFAULTVIEW(1.0),16/05/22 11:00:00,A,DIVMARPCT,DK,2017,48.0,
ESTAT:DEMO_NDIVIND$DEFAULTVIEW(1.0),16/05/22 11:00:00,A,DIVMARPCT,DK,2018,46.2,
ESTAT:DEMO_NDIVIND$DEFAULTVIEW(1.0),16/05/22 11:00:00,A,DIVMARPCT,DK,2019,34.4,
ESTAT:DEMO_NDIVIND$DEFAULTVIEW(1.0),16/05/22 11:00:00,A,DIVMARPCT,DK,2020,54.8,
ESTAT:DEMO_NDIVIND$DEFAULTVIEW(1.0),16/05/22 11:00:00,A,DIVMARPCT,EA18,2011,48.3,
ESTAT:DEMO_NDIVIND$DEFAULTVIEW(1.0),16/05/22 11:00:00,A,DIVMARPCT,EA18,2013,46.7,
ESTAT:DEMO_NDIVIND$DEFAULTVIEW(1.0),16/05/22 11:00:00,A,DIVMARPCT,EA18,2014,45.5,
ESTAT:DEMO_NDIVIND$DEFAULTVIEW(1.0),16/05/22 11:00:00,A,DIVMARPCT,EA18,2015,46.0,
ESTAT:DEMO_NDIVIND$DEFAULTVIEW(1.0),16/05/22 11:00:00,A,DIVMARPCT,EA18,2016,46.3,
ESTAT:DEMO_NDIVIND$DEFAULTVIEW(1.0),16/05/22 11:00:00,A,DIVMARPCT,EA19,2011,48.4,
ESTAT:DEMO_NDIVIND$DEFAULTVIEW(1.0),16/05/22 11:00:00,A,DIVMARPCT,EA19,2013,46.7,
ESTAT:DEMO_NDIVIND$DEFAULTVIEW(1.0),16/05/22 11:00:00,A,DIVMARPCT,EA19,2014,45.5,
ESTAT:DEMO_NDIVIND$DEFAULTVIEW(1.0),16/05/22 11:00:00,A,DIVMARPCT,EA19,2015,46.0,
ESTAT:DEMO_NDIVIND$DEFAULTVIEW(1.0),16/05/22 11:00:00,A,DIVMARPCT,EA19,2016,46.2,
ESTAT:DEMO_NDIVIND$DEFAULTVIEW(1.0),16/05/22 11:00:00,A,DIVMARPCT,EE,2011,56.4,
ESTAT:DEMO_NDIVIND$DEFAULTVIEW(1.0),16/05/22 11:00:00,A,DIVMARPCT,EE,2012,53.4,
ESTAT:DEMO_NDIVIND$DEFAULTVIEW(1.0),16/05/22 11:00:00,A,DIVMARPCT,EE,2013,59.4,
ESTAT:DEMO_NDIVIND$DEFAULTVIEW(1.0),16/05/22 11:00:00,A,DIVMARPCT,EE,2014,51.7,
ESTAT:DEMO_NDIVIND$DEFAULTVIEW(1.0),16/05/22 11:00:00,A,DIVMARPCT,EE,2015,49.6,
ESTAT:DEMO_NDIVIND$DEFAULTVIEW(1.0),16/05/22 11:00:00,A,DIVMARPCT,EE,2016,51.3,
ESTAT:DEMO_NDIVIND$DEFAULTVIEW(1.0),16/05/22 11:00:00,A,DIVMARPCT,EE,2017,51.5,
ESTAT:DEMO_NDIVIND$DEFAULTVIEW(1.0),16/05/22 11:00:00,A,DIVMARPCT,EE,2018,48.7,
ESTAT:DEMO_NDIVIND$DEFAULTVIEW(1.0),16/05/22 11:00:00,A,DIVMARPCT,EE,2019,42.4,
ESTAT:DEMO_NDIVIND$DEFAULTVIEW(1.0),16/05/22 11:00:00,A,DIVMARPCT,EEA30_2007,2011,46.3,
ESTAT:DEMO_NDIVIND$DEFAULTVIEW(1.0),16/05/22 11:00:00,A,DIVMARPCT,EEA31,2011,46.1,
ESTAT:DEMO_NDIVIND$DEFAULTVIEW(1.0),16/05/22 11:00:00,A,DIVMARPCT,EFTA,2011,42.6,
ESTAT:DEMO_NDIVIND$DEFAULTVIEW(1.0),16/05/22 11:00:00,A,DIVMARPCT,EL,2011,23.1,
ESTAT:DEMO_NDIVIND$DEFAULTVIEW(1.0),16/05/22 11:00:00,A,DIVMARPCT,EL,2012,29.9,
ESTAT:DEMO_NDIVIND$DEFAULTVIEW(1.0),16/05/22 11:00:00,A,DIVMARPCT,EL,2013,32.6,
ESTAT:DEMO_NDIVIND$DEFAULTVIEW(1.0),16/05/22 11:00:00,A,DIVMARPCT,EL,2014,27.2,
ESTAT:DEMO_NDIVIND$DEFAULTVIEW(1.0),16/05/22 11:00:00,A,DIVMARPCT,EL,2015,29.1,
ESTAT:DEMO_NDIVIND$DEFAULTVIEW(1.0),16/05/22 11:00:00,A,DIVMARPCT,EL,2016,22.2,
ESTAT:DEMO_NDIVIND$DEFAULTVIEW(1.0),16/05/22 11:00:00,A,DIVMARPCT,EL,2017,38.3,
ESTAT:DEMO_NDIVIND$DEFAULTVIEW(1.0),16/05/22 11:00:00,A,DIVMARPCT,ES,2011,65.3,
ESTAT:DEMO_NDIVIND$DEFAULTVIEW(1.0),16/05/22 11:00:00,A,DIVMARPCT,ES,2012,63.9,
ESTAT:DEMO_NDIVIND$DEFAULTVIEW(1.0),16/05/22 11:00:00,A,DIVMARPCT,ES,2013,61.8,
ESTAT:DEMO_NDIVIND$DEFAULTVIEW(1.0),16/05/22 11:00:00,A,DIVMARPCT,ES,2014,62.9,
ESTAT:DEMO_NDIVIND$DEFAULTVIEW(1.0),16/05/22 11:00:00,A,DIVMARPCT,ES,2015,57.9,
ESTAT:DEMO_NDIVIND$DEFAULTVIEW(1.0),16/05/22 11:00:00,A,DIVMARPCT,ES,2016,56.0,
ESTAT:DEMO_NDIVIND$DEFAULTVIEW(1.0),16/05/22 11:00:00,A,DIVMARPCT,ES,2017,57.2,
ESTAT:DEMO_NDIVIND$DEFAULTVIEW(1.0),16/05/22 11:00:00,A,DIVMARPCT,ES,2018,57.5,
ESTAT:DEMO_NDIVIND$DEFAULTVIEW(1.0),16/05/22 11:00:00,A,DIVMARPCT,ES,2019,55.5,
ESTAT:DEMO_NDIVIND$DEFAULTVIEW(1.0),16/05/22 11:00:00,A,DIVMARPCT,ES,2020,85.5,
ESTAT:DEMO_NDIVIND$DEFAULTVIEW(1.0),16/05/22 11:00:00,A,DIVMARPCT,EU27_2007,2011,46.3,
ESTAT:DEMO_NDIVIND$DEFAULTVIEW(1.0),16/05/22 11:00:00,A,DIVMARPCT,EU27_2007,2013,45.6,
ESTAT:DEMO_NDIVIND$DEFAULTVIEW(1.0),16/05/22 11:00:00,A,DIVMARPCT,EU27_2007,2014,43.6,
ESTAT:DEMO_NDIVIND$DEFAULTVIEW(1.0),16/05/22 11:00:00,A,DIVMARPCT,EU27_2007,2015,43.3,
ESTAT:DEMO_NDIVIND$DEFAULTVIEW(1.0),16/05/22 11:00:00,A,DIVMARPCT,EU27_2007,2016,42.9,
ESTAT:DEMO_NDIVIND$DEFAULTVIEW(1.0),16/05/22 11:00:00,A,DIVMARPCT,EU27_2020,2011,46.2,
ESTAT:DEMO_NDIVIND$DEFAULTVIEW(1.0),16/05/22 11:00:00,A,DIVMARPCT,EU27_2020,2012,44.5,
ESTAT:DEMO_NDIVIND$DEFAULTVIEW(1.0),16/05/22 11:00:00,A,DIVMARPCT,EU27_2020,2013,45.4,
ESTAT:DEMO_NDIVIND$DEFAULTVIEW(1.0),16/05/22 11:00:00,A,DIVMARPCT,EU27_2020,2014,43.7,
ESTAT:DEMO_NDIVIND$DEFAULTVIEW(1.0),16/05/22 11:00:00,A,DIVMARPCT,EU27_2020,2015,43.7,
ESTAT:DEMO_NDIVIND$DEFAULTVIEW(1.0),16/05/22 11:00:00,A,DIVMARPCT,EU27_2020,2016,43.0,
ESTAT:DEMO_NDIVIND$DEFAULTVIEW(1.0),16/05/22 11:00:00,A,DIVMARPCT,EU28,2011,46.1,
ESTAT:DEMO_NDIVIND$DEFAULTVIEW(1.0),16/05/22 11:00:00,A,DIVMARPCT,EU28,2013,45.5,
ESTAT:DEMO_NDIVIND$DEFAULTVIEW(1.0),16/05/22 11:00:00,A,DIVMARPCT,EU28,2014,43.4,
ESTAT:DEMO_NDIVIND$DEFAULTVIEW(1.0),16/05/22 11:00:00,A,DIVMARPCT,EU28,2015,43.1,
ESTAT:DEMO_NDIVIND$DEFAULTVIEW(1.0),16/05/22 11:00:00,A,DIVMARPCT,EU28,2016,42.8,
ESTAT:DEMO_NDIVIND$DEFAULTVIEW(1.0),16/05/22 11:00:00,A,DIVMARPCT,FI,2011,47.4,
ESTAT:DEMO_NDIVIND$DEFAULTVIEW(1.0),16/05/22 11:00:00,A,DIVMARPCT,FI,2012,45.2,
ESTAT:DEMO_NDIVIND$DEFAULTVIEW(1.0),16/05/22 11:00:00,A,DIVMARPCT,FI,2013,54.8,
ESTAT:DEMO_NDIVIND$DEFAULTVIEW(1.0),16/05/22 11:00:00,A,DIVMARPCT,FI,2014,55.9,
ESTAT:DEMO_NDIVIND$DEFAULTVIEW(1.0),16/05/22 11:00:00,A,DIVMARPCT,FI,2015,56.4,
ESTAT:DEMO_NDIVIND$DEFAULTVIEW(1.0),16/05/22 11:00:00,A,DIVMARPCT,FI,2016,55.4,
ESTAT:DEMO_NDIVIND$DEFAULTVIEW(1.0),16/05/22 11:00:00,A,DIVMARPCT,FI,2017,50.8,
ESTAT:DEMO_NDIVIND$DEFAULTVIEW(1.0),16/05/22 11:00:00,A,DIVMARPCT,FI,2018,55.2,
ESTAT:DEMO_NDIVIND$DEFAULTVIEW(1.0),16/05/22 11:00:00,A,DIVMARPCT,FI,2019,59.9,
ESTAT:DEMO_NDIVIND$DEFAULTVIEW(1.0),16/05/22 11:00:00,A,DIVMARPCT,FI,2020,61.0,
ESTAT:DEMO_NDIVIND$DEFAULTVIEW(1.0),16/05/22 11:00:00,A,DIVMARPCT,FR,2011,56.1,
ESTAT:DEMO_NDIVIND$DEFAULTVIEW(1.0),16/05/22 11:00:00,A,DIVMARPCT,FR,2013,52.3,
ESTAT:DEMO_NDIVIND$DEFAULTVIEW(1.0),16/05/22 11:00:00,A,DIVMARPCT,FR,2014,51.2,
ESTAT:DEMO_NDIVIND$DEFAULTVIEW(1.0),16/05/22 11:00:00,A,DIVMARPCT,FR,2015,52.3,
ESTAT:DEMO_NDIVIND$DEFAULTVIEW(1.0),16/05/22 11:00:00,A,DIVMARPCT,FR,2016,55.0,
ESTAT:DEMO_NDIVIND$DEFAULTVIEW(1.0),16/05/22 11:00:00,A,DIVMARPCT,FX,2011,56.2,
ESTAT:DEMO_NDIVIND$DEFAULTVIEW(1.0),16/05/22 11:00:00,A,DIVMARPCT,GE,2011,19.0,
ESTAT:DEMO_NDIVIND$DEFAULTVIEW(1.0),16/05/22 11:00:00,A,DIVMARPCT,GE,2013,23.3,
ESTAT:DEMO_NDIVIND$DEFAULTVIEW(1.0),16/05/22 11:00:00,A,DIVMARPCT,GE,2014,28.9,
ESTAT:DEMO_NDIVIND$DEFAULTVIEW(1.0),16/05/22 11:00:00,A,DIVMARPCT,GE,2015,31.3,
ESTAT:DEMO_NDIVIND$DEFAULTVIEW(1.0),16/05/22 11:00:00,A,DIVMARPCT,GE,2016,38.0,
ESTAT:DEMO_NDIVIND$DEFAULTVIEW(1.0),16/05/22 11:00:00,A,DIVMARPCT,GE,2017,43.2,
ESTAT:DEMO_NDIVIND$DEFAULTVIEW(1.0),16/05/22 11:00:00,A,DIVMARPCT,GE,2018,44.3,
ESTAT:DEMO_NDIVIND$DEFAULTVIEW(1.0),16/05/22 11:00:00,A,DIVMARPCT,GE,2019,48.1,
ESTAT:DEMO_NDIVIND$DEFAULTVIEW(1.0),16/05/22 11:00:00,A,DIVMARPCT,HR,2011,28.0,
ESTAT:DEMO_NDIVIND$DEFAULTVIEW(1.0),16/05/22 11:00:00,A,DIVMARPCT,HR,2012,27.8,
ESTAT:DEMO_NDIVIND$DEFAULTVIEW(1.0),16/05/22 11:00:00,A,DIVMARPCT,HR,2013,31.3,
ESTAT:DEMO_NDIVIND$DEFAULTVIEW(1.0),16/05/22 11:00:00,A,DIVMARPCT,HR,2014,31.5,
ESTAT:DEMO_NDIVIND$DEFAULTVIEW(1.0),16/05/22 11:00:00,A,DIVMARPCT,HR,2015,30.3,
ESTAT:DEMO_NDIVIND$DEFAULTVIEW(1.0),16/05/22 11:00:00,A,DIVMARPCT,HR,2016,34.4,
ESTAT:DEMO_NDIVIND$DEFAULTVIEW(1.0),16/05/22 11:00:00,A,DIVMARPCT,HR,2017,30.8,
ESTAT:DEMO_NDIVIND$DEFAULTVIEW(1.0),16/05/22 11:00:00,A,DIVMARPCT,HR,2018,30.7,
ESTAT:DEMO_NDIVIND$DEFAULTVIEW(1.0),16/05/22 11:00:00,A,DIVMARPCT,HR,2019,30.0,
ESTAT:DEMO_NDIVIND$DEFAULTVIEW(1.0),16/05/22 11:00:00,A,DIVMARPCT,HR,2020,33.9,
ESTAT:DEMO_NDIVIND$DEFAULTVIEW(1.0),16/05/22 11:00:00,A,DIVMARPCT,HU,2011,65.2,
ESTAT:DEMO_NDIVIND$DEFAULTVIEW(1.0),16/05/22 11:00:00,A,DIVMARPCT,HU,2012,60.4,
ESTAT:DEMO_NDIVIND$DEFAULTVIEW(1.0),16/05/22 11:00:00,A,DIVMARPCT,HU,2013,54.6,
ESTAT:DEMO_NDIVIND$DEFAULTVIEW(1.0),16/05/22 11:00:00,A,DIVMARPCT,HU,2014,50.5,
ESTAT:DEMO_NDIVIND$DEFAULTVIEW(1.0),16/05/22 11:00:00,A,DIVMARPCT,HU,2015,44.0,
ESTAT:DEMO_NDIVIND$DEFAULTVIEW(1.0),16/05/22 11:00:00,A,DIVMARPCT,HU,2016,37.7,
ESTAT:DEMO_NDIVIND$DEFAULTVIEW(1.0),16/05/22 11:00:00,A,DIVMARPCT,HU,2017,36.6,
ESTAT:DEMO_NDIVIND$DEFAULTVIEW(1.0),16/05/22 11:00:00,A,DIVMARPCT,HU,2018,33.4,
ESTAT:DEMO_NDIVIND$DEFAULTVIEW(1.0),16/05/22 11:00:00,A,DIVMARPCT,HU,2019,27.0,
ESTAT:DEMO_NDIVIND$DEFAULTVIEW(1.0),16/05/22 11:00:00,A,DIVMARPCT,HU,2020,22.3,
ESTAT:DEMO_NDIVIND$DEFAULTVIEW(1.0),16/05/22 11:00:00,A,DIVMARPCT,IE,2011,14.2,
ESTAT:DEMO_NDIVIND$DEFAULTVIEW(1.0),16/05/22 11:00:00,A,DIVMARPCT,IE,2012,14.0,
ESTAT:DEMO_NDIVIND$DEFAULTVIEW(1.0),16/05/22 11:00:00,A,DIVMARPCT,IE,2013,14.3,
ESTAT:DEMO_NDIVIND$DEFAULTVIEW(1.0),16/05/22 11:00:00,A,DIVMARPCT,IE,2014,11.9,
ESTAT:DEMO_NDIVIND$DEFAULTVIEW(1.0),16/05/22 11:00:00,A,DIVMARPCT,IE,2015,14.9,
ESTAT:DEMO_NDIVIND$DEFAULTVIEW(1.0),16/05/22 11:00:00,A,DIVMARPCT,IE,2016,14.4,
ESTAT:DEMO_NDIVIND$DEFAULTVIEW(1.0),16/05/22 11:00:00,A,DIVMARPCT,IE,2017,15.5,
ESTAT:DEMO_NDIVIND$DEFAULTVIEW(1.0),16/05/22 11:00:00,A,DIVMARPCT,IS,2011,35.4,
ESTAT:DEMO_NDIVIND$DEFAULTVIEW(1.0),16/05/22 11:00:00,A,DIVMARPCT,IS,2020,37.4,
ESTAT:DEMO_NDIVIND$DEFAULTVIEW(1.0),16/05/22 11:00:00,A,DIVMARPCT,IT,2011,26.3,
ESTAT:DEMO_NDIVIND$DEFAULTVIEW(1.0),16/05/22 11:00:00,A,DIVMARPCT,IT,2012,24.6,
ESTAT:DEMO_NDIVIND$DEFAULTVIEW(1.0),16/05/22 11:00:00,A,DIVMARPCT,IT,2013,27.3,
ESTAT:DEMO_NDIVIND$DEFAULTVIEW(1.0),16/05/22 11:00:00,A,DIVMARPCT,IT,2014,27.6,
ESTAT:DEMO_NDIVIND$DEFAULTVIEW(1.0),16/05/22 11:00:00,A,DIVMARPCT,IT,2015,42.4,
ESTAT:DEMO_NDIVIND$DEFAULTVIEW(1.0),16/05/22 11:00:00,A,DIVMARPCT,IT,2016,48.7,
ESTAT:DEMO_NDIVIND$DEFAULTVIEW(1.0),16/05/22 11:00:00,A,DIVMARPCT,IT,2017,47.9,
ESTAT:DEMO_NDIVIND$DEFAULTVIEW(1.0),16/05/22 11:00:00,A,DIVMARPCT,IT,2018,45.2,
ESTAT:DEMO_NDIVIND$DEFAULTVIEW(1.0),16/05/22 11:00:00,A,DIVMARPCT,IT,2019,46.4,
ESTAT:DEMO_NDIVIND$DEFAULTVIEW(1.0),16/05/22 11:00:00,A,DIVMARPCT,IT,2020,68.8,
ESTAT:DEMO_NDIVIND$DEFAULTVIEW(1.0),16/05/22 11:00:00,A,DIVMARPCT,LI,2011,55.8,
ESTAT:DEMO_NDIVIND$DEFAULTVIEW(1.0),16/05/22 11:00:00,A,DIVMARPCT,LI,2012,47.0,
ESTAT:DEMO_NDIVIND$DEFAULTVIEW(1.0),16/05/22 11:00:00,A,DIVMARPCT,LT,2011,53.8,
ESTAT:DEMO_NDIVIND$DEFAULTVIEW(1.0),16/05/22 11:00:00,A,DIVMARPCT,LT,2012,50.3,
ESTAT:DEMO_NDIVIND$DEFAULTVIEW(1.0),16/05/22 11:00:00,A,DIVMARPCT,LT,2013,48.7,
ESTAT:DEMO_NDIVIND$DEFAULTVIEW(1.0),16/05/22 11:00:00,A,DIVMARPCT,LT,2014,44.3,
ESTAT:DEMO_NDIVIND$DEFAULTVIEW(1.0),16/05/22 11:00:00,A,DIVMARPCT,LT,2015,42.6,
ESTAT:DEMO_NDIVIND$DEFAULTVIEW(1.0),16/05/22 11:00:00,A,DIVMARPCT,LT,2016,41.6,
ESTAT:DEMO_NDIVIND$DEFAULTVIEW(1.0),16/05/22 11:00:00,A,DIVMARPCT,LT,2017,40.2,
ESTAT:DEMO_NDIVIND$DEFAULTVIEW(1.0),16/05/22 11:00:00,A,DIVMARPCT,LT,2018,43.8,
ESTAT:DEMO_NDIVIND$DEFAULTVIEW(1.0),16/05/22 11:00:00,A,DIVMARPCT,LT,2019,44.5,
ESTAT:DEMO_NDIVIND$DEFAULTVIEW(1.0),16/05/22 11:00:00,A,DIVMARPCT,LT,2020,49.3,
ESTAT:DEMO_NDIVIND$DEFAULTVIEW(1.0),16/05/22 11:00:00,A,DIVMARPCT,LU,2011,71.1,
ESTAT:DEMO_NDIVIND$DEFAULTVIEW(1.0),16/05/22 11:00:00,A,DIVMARPCT,LU,2012,60.3,
ESTAT:DEMO_NDIVIND$DEFAULTVIEW(1.0),16/05/22 11:00:00,A,DIVMARPCT,LU,2013,67.5,
ESTAT:DEMO_NDIVIND$DEFAULTVIEW(1.0),16/05/22 11:00:00,A,DIVMARPCT,LU,2014,87.7,
ESTAT:DEMO_NDIVIND$DEFAULTVIEW(1.0),16/05/22 11:00:00,A,DIVMARPCT,LU,2015,65.5,
ESTAT:DEMO_NDIVIND$DEFAULTVIEW(1.0),16/05/22 11:00:00,A,DIVMARPCT,LU,2016,65.9,
ESTAT:DEMO_NDIVIND$DEFAULTVIEW(1.0),16/05/22 11:00:00,A,DIVMARPCT,LU,2017,62.5,
ESTAT:DEMO_NDIVIND$DEFAULTVIEW(1.0),16/05/22 11:00:00,A,DIVMARPCT,LU,2018,64.8,
ESTAT:DEMO_NDIVIND$DEFAULTVIEW(1.0),16/05/22 11:00:00,A,DIVMARPCT,LU,2019,88.9,
ESTAT:DEMO_NDIVIND$DEFAULTVIEW(1.0),16/05/22 11:00:00,A,DIVMARPCT,LU,2020,80.3,
ESTAT:DEMO_NDIVIND$DEFAULTVIEW(1.0),16/05/22 11:00:00,A,DIVMARPCT,LV,2011,77.2,
ESTAT:DEMO_NDIVIND$DEFAULTVIEW(1.0),16/05/22 11:00:00,A,DIVMARPCT,LV,2012,65.0,
ESTAT:DEMO_NDIVIND$DEFAULTVIEW(1.0),16/05/22 11:00:00,A,DIVMARPCT,LV,2013,61.5,
ESTAT:DEMO_NDIVIND$DEFAULTVIEW(1.0),16/05/22 11:00:00,A,DIVMARPCT,LV,2014,50.1,
ESTAT:DEMO_NDIVIND$DEFAULTVIEW(1.0),16/05/22 11:00:00,A,DIVMARPCT,LV,2015,37.8,
ESTAT:DEMO_NDIVIND$DEFAULTVIEW(1.0),16/05/22 11:00:00,A,DIVMARPCT,LV,2016,46.6,
ESTAT:DEMO_NDIVIND$DEFAULTVIEW(1.0),16/05/22 11:00:00,A,DIVMARPCT,LV,2017,45.2,
ESTAT:DEMO_NDIVIND$DEFAULTVIEW(1.0),16/05/22 11:00:00,A,DIVMARPCT,LV,2018,45.7,
ESTAT:DEMO_NDIVIND$DEFAULTVIEW(1.0),16/05/22 11:00:00,A,DIVMARPCT,LV,2019,46.4,
ESTAT:DEMO_NDIVIND$DEFAULTVIEW(1.0),16/05/22 11:00:00,A,DIVMARPCT,LV,2020,48.6,
ESTAT:DEMO_NDIVIND$DEFAULTVIEW(1.0),16/05/22 11:00:00,A,DIVMARPCT,MD,2011,42.9,
ESTAT:DEMO_NDIVIND$DEFAULTVIEW(1.0),16/05/22 11:00:00,A,DIVMARPCT,MD,2012,43.8,
ESTAT:DEMO_NDIVIND$DEFAULTVIEW(1.0),16/05/22 11:00:00,A,DIVMARPCT,MD,2016,48.2,
ESTAT:DEMO_NDIVIND$DEFAULTVIEW(1.0),16/05/22 11:00:00,A,DIVMARPCT,ME,2012,15.6,
ESTAT:DEMO_NDIVIND$DEFAULTVIEW(1.0),16/05/22 11:00:00,A,DIVMARPCT,ME,2013,13.0,
ESTAT:DEMO_NDIVIND$DEFAULTVIEW(1.0),16/05/22 11:00:00,A,DIVMARPCT,ME,2014,16.6,
ESTAT:DEMO_NDIVIND$DEFAULTVIEW(1.0),16/05/22 11:00:00,A,DIVMARPCT,ME,2015,15.0,
ESTAT:DEMO_NDIVIND$DEFAULTVIEW(1.0),16/05/22 11:00:00,A,DIVMARPCT,ME,2016,22.1,
ESTAT:DEMO_NDIVIND$DEFAULTVIEW(1.0),16/05/22 11:00:00,A,DIVMARPCT,ME,2017,23.4,
ESTAT:DEMO_NDIVIND$DEFAULTVIEW(1.0),16/05/22 11:00:00,A,DIVMARPCT,ME,2018,25.6,
ESTAT:DEMO_NDIVIND$DEFAULTVIEW(1.0),16/05/22 11:00:00,A,DIVMARPCT,ME,2019,23.9,
ESTAT:DEMO_NDIVIND$DEFAULTVIEW(1.0),16/05/22 11:00:00,A,DIVMARPCT,ME,2020,38.7,
ESTAT:DEMO_NDIVIND$DEFAULTVIEW(1.0),16/05/22 11:00:00,A,DIVMARPCT,MK,2011,11.9,
ESTAT:DEMO_NDIVIND$DEFAULTVIEW(1.0),16/05/22 11:00:00,A,DIVMARPCT,MK,2012,13.8,
ESTAT:DEMO_NDIVIND$DEFAULTVIEW(1.0),16/05/22 11:00:00,A,DIVMARPCT,MK,2013,14.6,
ESTAT:DEMO_NDIVIND$DEFAULTVIEW(1.0),16/05/22 11:00:00,A,DIVMARPCT,MK,2014,16.0,
ESTAT:DEMO_NDIVIND$DEFAULTVIEW(1.0),16/05/22 11:00:00,A,DIVMARPCT,MK,2015,14.6,
ESTAT:DEMO_NDIVIND$DEFAULTVIEW(1.0),16/05/22 11:00:00,A,DIVMARPCT,MK,2016,15.0,
ESTAT:DEMO_NDIVIND$DEFAULTVIEW(1.0),16/05/22 11:00:00,A,DIVMARPCT,MK,2017,14.5,
ESTAT:DEMO_NDIVIND$DEFAULTVIEW(1.0),16/05/22 11:00:00,A,DIVMARPCT,MK,2018,12.0,
ESTAT:DEMO_NDIVIND$DEFAULTVIEW(1.0),16/05/22 11:00:00,A,DIVMARPCT,MK,2019,14.4,
ESTAT:DEMO_NDIVIND$DEFAULTVIEW(1.0),16/05/22 11:00:00,A,DIVMARPCT,MK,2020,15.3,
ESTAT:DEMO_NDIVIND$DEFAULTVIEW(1.0),16/05/22 11:00:00,A,DIVMARPCT,MT,2011,1.6,
ESTAT:DEMO_NDIVIND$DEFAULTVIEW(1.0),16/05/22 11:00:00,A,DIVMARPCT,MT,2012,15.6,
ESTAT:DEMO_NDIVIND$DEFAULTVIEW(1.0),16/05/22 11:00:00,A,DIVMARPCT,MT,2013,13.1,
ESTAT:DEMO_NDIVIND$DEFAULTVIEW(1.0),16/05/22 11:00:00,A,DIVMARPCT,MT,2014,11.3,
ESTAT:DEMO_NDIVIND$DEFAULTVIEW(1.0),16/05/22 11:00:00,A,DIVMARPCT,MT,2015,12.4,
ESTAT:DEMO_NDIVIND$DEFAULTVIEW(1.0),16/05/22 11:00:00,A,DIVMARPCT,MT,2016,12.2,
ESTAT:DEMO_NDIVIND$DEFAULTVIEW(1.0),16/05/22 11:00:00,A,DIVMARPCT,MT,2017,10.6,
ESTAT:DEMO_NDIVIND$DEFAULTVIEW(1.0),16/05/22 11:00:00,A,DIVMARPCT,MT,2018,12.3,
ESTAT:DEMO_NDIVIND$DEFAULTVIEW(1.0),16/05/22 11:00:00,A,DIVMARPCT,MT,2019,13.2,
ESTAT:DEMO_NDIVIND$DEFAULTVIEW(1.0),16/05/22 11:00:00,A,DIVMARPCT,MT,2020,23.2,
ESTAT:DEMO_NDIVIND$DEFAULTVIEW(1.0),16/05/22 11:00:00,A,DIVMARPCT,NL,2011,47.2,
ESTAT:DEMO_NDIVIND$DEFAULTVIEW(1.0),16/05/22 11:00:00,A,DIVMARPCT,NL,2012,49.4,
ESTAT:DEMO_NDIVIND$DEFAULTVIEW(1.0),16/05/22 11:00:00,A,DIVMARPCT,NL,2013,52.1,
ESTAT:DEMO_NDIVIND$DEFAULTVIEW(1.0),16/05/22 11:00:00,A,DIVMARPCT,NL,2014,54.2,
ESTAT:DEMO_NDIVIND$DEFAULTVIEW(1.0),16/05/22 11:00:00,A,DIVMARPCT,NL,2015,53.2,
ESTAT:DEMO_NDIVIND$DEFAULTVIEW(1.0),16/05/22 11:00:00,A,DIVMARPCT,NL,2016,51.2,
ESTAT:DEMO_NDIVIND$DEFAULTVIEW(1.0),16/05/22 11:00:00,A,DIVMARPCT,NL,2017,50.9,
ESTAT:DEMO_NDIVIND$DEFAULTVIEW(1.0),16/05/22 11:00:00,A,DIVMARPCT,NL,2018,47.8,
ESTAT:DEMO_NDIVIND$DEFAULTVIEW(1.0),16/05/22 11:00:00,A,DIVMARPCT,NL,2019,47.3,
ESTAT:DEMO_NDIVIND$DEFAULTVIEW(1.0),16/05/22 11:00:00,A,DIVMARPCT,NL,2020,57.7,
ESTAT:DEMO_NDIVIND$DEFAULTVIEW(1.0),16/05/22 11:00:00,A,DIVMARPCT,NO,2011,44.5,
ESTAT:DEMO_NDIVIND$DEFAULTVIEW(1.0),16/05/22 11:00:00,A,DIVMARPCT,NO,2012,41.1,
ESTAT:DEMO_NDIVIND$DEFAULTVIEW(1.0),16/05/22 11:00:00,A,DIVMARPCT,NO,2013,42.7,
ESTAT:DEMO_NDIVIND$DEFAULTVIEW(1.0),16/05/22 11:00:00,A,DIVMARPCT,NO,2014,42.3,
ESTAT:DEMO_NDIVIND$DEFAULTVIEW(1.0),16/05/22 11:00:00,A,DIVMARPCT,NO,2015,42.2,
ESTAT:DEMO_NDIVIND$DEFAULTVIEW(1.0),16/05/22 11:00:00,A,DIVMARPCT,NO,2016,42.0,
ESTAT:DEMO_NDIVIND$DEFAULTVIEW(1.0),16/05/22 11:00:00,A,DIVMARPCT,NO,2017,45.7,
ESTAT:DEMO_NDIVIND$DEFAULTVIEW(1.0),16/05/22 11:00:00,A,DIVMARPCT,NO,2018,45.0,
ESTAT:DEMO_NDIVIND$DEFAULTVIEW(1.0),16/05/22 11:00:00,A,DIVMARPCT,NO,2019,47.8,
ESTAT:DEMO_NDIVIND$DEFAULTVIEW(1.0),16/05/22 11:00:00,A,DIVMARPCT,NO,2020,55.5,
ESTAT:DEMO_NDIVIND$DEFAULTVIEW(1.0),16/05/22 11:00:00,A,DIVMARPCT,PL,2011,31.3,
ESTAT:DEMO_NDIVIND$DEFAULTVIEW(1.0),16/05/22 11:00:00,A,DIVMARPCT,PL,2012,31.6,
ESTAT:DEMO_NDIVIND$DEFAULTVIEW(1.0),16/05/22 11:00:00,A,DIVMARPCT,PL,2013,36.7,
ESTAT:DEMO_NDIVIND$DEFAULTVIEW(1.0),16/05/22 11:00:00,A,DIVMARPCT,PL,2014,34.9,
ESTAT:DEMO_NDIVIND$DEFAULTVIEW(1.0),16/05/22 11:00:00,A,DIVMARPCT,PL,2015,35.6,
ESTAT:DEMO_NDIVIND$DEFAULTVIEW(1.0),16/05/22 11:00:00,A,DIVMARPCT,PL,2016,32.8,
ESTAT:DEMO_NDIVIND$DEFAULTVIEW(1.0),16/05/22 11:00:00,A,DIVMARPCT,PL,2017,33.9,
ESTAT:DEMO_NDIVIND$DEFAULTVIEW(1.0),16/05/22 11:00:00,A,DIVMARPCT,PL,2018,32.7,
ESTAT:DEMO_NDIVIND$DEFAULTVIEW(1.0),16/05/22 11:00:00,A,DIVMARPCT,PL,2019,35.6,
ESTAT:DEMO_NDIVIND$DEFAULTVIEW(1.0),16/05/22 11:00:00,A,DIVMARPCT,PT,2011,74.2,
ESTAT:DEMO_NDIVIND$DEFAULTVIEW(1.0),16/05/22 11:00:00,A,DIVMARPCT,PT,2012,73.7,
ESTAT:DEMO_NDIVIND$DEFAULTVIEW(1.0),16/05/22 11:00:00,A,DIVMARPCT,PT,2013,70.4,
ESTAT:DEMO_NDIVIND$DEFAULTVIEW(1.0),16/05/22 11:00:00,A,DIVMARPCT,PT,2014,69.9,
ESTAT:DEMO_NDIVIND$DEFAULTVIEW(1.0),16/05/22 11:00:00,A,DIVMARPCT,PT,2015,72.2,
ESTAT:DEMO_NDIVIND$DEFAULTVIEW(1.0),16/05/22 11:00:00,A,DIVMARPCT,PT,2016,69.0,
ESTAT:DEMO_NDIVIND$DEFAULTVIEW(1.0),16/05/22 11:00:00,A,DIVMARPCT,PT,2017,64.2,
ESTAT:DEMO_NDIVIND$DEFAULTVIEW(1.0),16/05/22 11:00:00,A,DIVMARPCT,PT,2018,58.7,
ESTAT:DEMO_NDIVIND$DEFAULTVIEW(1.0),16/05/22 11:00:00,A,DIVMARPCT,PT,2019,61.4,
ESTAT:DEMO_NDIVIND$DEFAULTVIEW(1.0),16/05/22 11:00:00,A,DIVMARPCT,PT,2020,91.5,
ESTAT:DEMO_NDIVIND$DEFAULTVIEW(1.0),16/05/22 11:00:00,A,DIVMARPCT,RO,2011,33.9,
ESTAT:DEMO_NDIVIND$DEFAULTVIEW(1.0),16/05/22 11:00:00,A,DIVMARPCT,RO,2012,29.1,
ESTAT:DEMO_NDIVIND$DEFAULTVIEW(1.0),16/05/22 11:00:00,A,DIVMARPCT,RO,2013,26.5,
ESTAT:DEMO_NDIVIND$DEFAULTVIEW(1.0),16/05/22 11:00:00,A,DIVMARPCT,RO,2014,23.0,
ESTAT:DEMO_NDIVIND$DEFAULTVIEW(1.0),16/05/22 11:00:00,A,DIVMARPCT,RO,2015,25.1,
ESTAT:DEMO_NDIVIND$DEFAULTVIEW(1.0),16/05/22 11:00:00,A,DIVMARPCT,RO,2016,22.9,
ESTAT:DEMO_NDIVIND$DEFAULTVIEW(1.0),16/05/22 11:00:00,A,DIVMARPCT,RO,2017,21.8,
ESTAT:DEMO_NDIVIND$DEFAULTVIEW(1.0),16/05/22 11:00:00,A,DIVMARPCT,RO,2018,21.5,
ESTAT:DEMO_NDIVIND$DEFAULTVIEW(1.0),16/05/22 11:00:00,A,DIVMARPCT,RO,2019,23.5,
ESTAT:DEMO_NDIVIND$DEFAULTVIEW(1.0),16/05/22 11:00:00,A,DIVMARPCT,RO,2020,28.0,
ESTAT:DEMO_NDIVIND$DEFAULTVIEW(1.0),16/05/22 11:00:00,A,DIVMARPCT,RS,2011,23.0,
ESTAT:DEMO_NDIVIND$DEFAULTVIEW(1.0),16/05/22 11:00:00,A,DIVMARPCT,RS,2012,21.3,
ESTAT:DEMO_NDIVIND$DEFAULTVIEW(1.0),16/05/22 11:00:00,A,DIVMARPCT,RS,2013,22.6,
ESTAT:DEMO_NDIVIND$DEFAULTVIEW(1.0),16/05/22 11:00:00,A,DIVMARPCT,RS,2014,20.9,
ESTAT:DEMO_NDIVIND$DEFAULTVIEW(1.0),16/05/22 11:00:00,A,DIVMARPCT,RS,2015,25.4,
ESTAT:DEMO_NDIVIND$DEFAULTVIEW(1.0),16/05/22 11:00:00,A,DIVMARPCT,RS,2016,25.2,
ESTAT:DEMO_NDIVIND$DEFAULTVIEW(1.0),16/05/22 11:00:00,A,DIVMARPCT,RS,2017,25.7,
ESTAT:DEMO_NDIVIND$DEFAULTVIEW(1.0),16/05/22 11:00:00,A,DIVMARPCT,RS,2018,27.5,
ESTAT:DEMO_NDIVIND$DEFAULTVIEW(1.0),16/05/22 11:00:00,A,DIVMARPCT,RS,2019,30.6,
ESTAT:DEMO_NDIVIND$DEFAULTVIEW(1.0),16/05/22 11:00:00,A,DIVMARPCT,RS,2020,36.8,
ESTAT:DEMO_NDIVIND$DEFAULTVIEW(1.0),16/05/22 11:00:00,A,DIVMARPCT,RU,2011,50.9,
ESTAT:DEMO_NDIVIND$DEFAULTVIEW(1.0),16/05/22 11:00:00,A,DIVMARPCT,RU,2013,54.5,
ESTAT:DEMO_NDIVIND$DEFAULTVIEW(1.0),16/05/22 11:00:00,A,DIVMARPCT,SE,2011,49.8,
ESTAT:DEMO_NDIVIND$DEFAULTVIEW(1.0),16/05/22 11:00:00,A,DIVMARPCT,SE,2012,46.8,
ESTAT:DEMO_NDIVIND$DEFAULTVIEW(1.0),16/05/22 11:00:00,A,DIVMARPCT,SE,2013,52.2,
ESTAT:DEMO_NDIVIND$DEFAULTVIEW(1.0),16/05/22 11:00:00,A,DIVMARPCT,SE,2014,49.2,
ESTAT:DEMO_NDIVIND$DEFAULTVIEW(1.0),16/05/22 11:00:00,A,DIVMARPCT,SE,2015,47.6,
ESTAT:DEMO_NDIVIND$DEFAULTVIEW(1.0),16/05/22 11:00:00,A,DIVMARPCT,SE,2016,45.1,
ESTAT:DEMO_NDIVIND$DEFAULTVIEW(1.0),16/05/22 11:00:00,A,DIVMARPCT,SE,2017,46.1,
ESTAT:DEMO_NDIVIND$DEFAULTVIEW(1.0),16/05/22 11:00:00,A,DIVMARPCT,SE,2018,49.1,
ESTAT:DEMO_NDIVIND$DEFAULTVIEW(1.0),16/05/22 11:00:00,A,DIVMARPCT,SE,2019,52.4,
ESTAT:DEMO_NDIVIND$DEFAULTVIEW(1.0),16/05/22 11:00:00,A,DIVMARPCT,SE,2020,68.2,
ESTAT:DEMO_NDIVIND$DEFAULTVIEW(1.0),16/05/22 11:00:00,A,DIVMARPCT,SI,2011,34.4,
ESTAT:DEMO_NDIVIND$DEFAULTVIEW(1.0),16/05/22 11:00:00,A,DIVMARPCT,SI,2012,35.6,
ESTAT:DEMO_NDIVIND$DEFAULTVIEW(1.0),16/05/22 11:00:00,A,DIVMARPCT,SI,2013,37.6,
ESTAT:DEMO_NDIVIND$DEFAULTVIEW(1.0),16/05/22 11:00:00,A,DIVMARPCT,SI,2014,37.6,
ESTAT:DEMO_NDIVIND$DEFAULTVIEW(1.0),16/05/22 11:00:00,A,DIVMARPCT,SI,2015,37.7,
ESTAT:DEMO_NDIVIND$DEFAULTVIEW(1.0),16/05/22 11:00:00,A,DIVMARPCT,SI,2016,38.0,
ESTAT:DEMO_NDIVIND$DEFAULTVIEW(1.0),16/05/22 11:00:00,A,DIVMARPCT,SI,2017,36.8,
ESTAT:DEMO_NDIVIND$DEFAULTVIEW(1.0),16/05/22 11:00:00,A,DIVMARPCT,SI,2018,32.3,
ESTAT:DEMO_NDIVIND$DEFAULTVIEW(1.0),16/05/22 11:00:00,A,DIVMARPCT,SI,2019,37.1,
ESTAT:DEMO_NDIVIND$DEFAULTVIEW(1.0),16/05/22 11:00:00,A,DIVMARPCT,SI,2020,34.0,
ESTAT:DEMO_NDIVIND$DEFAULTVIEW(1.0),16/05/22 11:00:00,A,DIVMARPCT,SK,2011,43.3,
ESTAT:DEMO_NDIVIND$DEFAULTVIEW(1.0),16/05/22 11:00:00,A,DIVMARPCT,SK,2012,42.1,
ESTAT:DEMO_NDIVIND$DEFAULTVIEW(1.0),16/05/22 11:00:00,A,DIVMARPCT,SK,2013,42.9,
ESTAT:DEMO_NDIVIND$DEFAULTVIEW(1.0),16/05/22 11:00:00,A,DIVMARPCT,SK,2014,39.3,
ESTAT:DEMO_NDIVIND$DEFAULTVIEW(1.0),16/05/22 11:00:00,A,DIVMARPCT,SK,2015,34.0,
ESTAT:DEMO_NDIVIND$DEFAULTVIEW(1.0),16/05/22 11:00:00,A,DIVMARPCT,SK,2016,31.1,
ESTAT:DEMO_NDIVIND$DEFAULTVIEW(1.0),16/05/22 11:00:00,A,DIVMARPCT,SK,2017,30.7,
ESTAT:DEMO_NDIVIND$DEFAULTVIEW(1.0),16/05/22 11:00:00,A,DIVMARPCT,SK,2018,30.7,
ESTAT:DEMO_NDIVIND$DEFAULTVIEW(1.0),16/05/22 11:00:00,A,DIVMARPCT,SK,2019,31.9,
ESTAT:DEMO_NDIVIND$DEFAULTVIEW(1.0),16/05/22 11:00:00,A,DIVMARPCT,SK,2020,34.9,
ESTAT:DEMO_NDIVIND$DEFAULTVIEW(1.0),16/05/22 11:00:00,A,DIVMARPCT,SM,2011,40.0,
ESTAT:DEMO_NDIVIND$DEFAULTVIEW(1.0),16/05/22 11:00:00,A,DIVMARPCT,SM,2012,24.1,
ESTAT:DEMO_NDIVIND$DEFAULTVIEW(1.0),16/05/22 11:00:00,A,DIVMARPCT,TR,2011,20.3,
ESTAT:DEMO_NDIVIND$DEFAULTVIEW(1.0),16/05/22 11:00:00,A,DIVMARPCT,TR,2012,20.4,
ESTAT:DEMO_NDIVIND$DEFAULTVIEW(1.0),16/05/22 11:00:00,A,DIVMARPCT,TR,2013,20.9,
ESTAT:DEMO_NDIVIND$DEFAULTVIEW(1.0),16/05/22 11:00:00,A,DIVMARPCT,TR,2014,21.8,
ESTAT:DEMO_NDIVIND$DEFAULTVIEW(1.0),16/05/22 11:00:00,A,DIVMARPCT,TR,2015,21.9,
ESTAT:DEMO_NDIVIND$DEFAULTVIEW(1.0),16/05/22 11:00:00,A,DIVMARPCT,TR,2016,21.2,
ESTAT:DEMO_NDIVIND$DEFAULTVIEW(1.0),16/05/22 11:00:00,A,DIVMARPCT,TR,2017,22.5,
ESTAT:DEMO_NDIVIND$DEFAULTVIEW(1.0),16/05/22 11:00:00,A,DIVMARPCT,TR,2018,25.7,
ESTAT:DEMO_NDIVIND$DEFAULTVIEW(1.0),16/05/22 11:00:00,A,DIVMARPCT,TR,2019,28.6,
ESTAT:DEMO_NDIVIND$DEFAULTVIEW(1.0),16/05/22 11:00:00,A,DIVMARPCT,TR,2020,27.7,
ESTAT:DEMO_NDIVIND$DEFAULTVIEW(1.0),16/05/22 11:00:00,A,DIVMARPCT,UA,2011,17.4,
ESTAT:DEMO_NDIVIND$DEFAULTVIEW(1.0),16/05/22 11:00:00,A,DIVMARPCT,UA,2012,17.9,
ESTAT:DEMO_NDIVIND$DEFAULTVIEW(1.0),16/05/22 11:00:00,A,DIVMARPCT,UA,2014,44.3,
ESTAT:DEMO_NDIVIND$DEFAULTVIEW(1.0),16/05/22 11:00:00,A,DIVMARPCT,UA,2015,43.3,
ESTAT:DEMO_NDIVIND$DEFAULTVIEW(1.0),16/05/22 11:00:00,A,DIVMARPCT,UA,2016,56.7,
ESTAT:DEMO_NDIVIND$DEFAULTVIEW(1.0),16/05/22 11:00:00,A,DIVMARPCT,UA,2017,51.6,
ESTAT:DEMO_NDIVIND$DEFAULTVIEW(1.0),16/05/22 11:00:00,A,DIVMARPCT,UA,2018,67.4,
ESTAT:DEMO_NDIVIND$DEFAULTVIEW(1.0),16/05/22 11:00:00,A,DIVMARPCT,UA,2019,58.0,
ESTAT:DEMO_NDIVIND$DEFAULTVIEW(1.0),16/05/22 11:00:00,A,DIVMARPCT,UA,2020,71.3,
ESTAT:DEMO_NDIVIND$DEFAULTVIEW(1.0),16/05/22 11:00:00,A,DIVMARPCT,UK,2011,45.5,
ESTAT:DEMO_NDIVIND$DEFAULTVIEW(1.0),16/05/22 11:00:00,A,DIVMARPCT,UK,2013,45.8,
ESTAT:DEMO_NDIVIND$DEFAULTVIEW(1.0),16/05/22 11:00:00,A,DIVMARPCT,UK,2014,41.7,
ESTAT:DEMO_NDIVIND$DEFAULTVIEW(1.0),16/05/22 11:00:00,A,DIVMARPCT,UK,2015,39.6,
ESTAT:DEMO_NDIVIND$DEFAULTVIEW(1.0),16/05/22 11:00:00,A,DIVMARPCT,UK,2016,41.2,
ESTAT:DEMO_NDIVIND$DEFAULTVIEW(1.0),16/05/22 11:00:00,A,DIVMARPCT,XK,2011,8.8,
ESTAT:DEMO_NDIVIND$DEFAULTVIEW(1.0),16/05/22 11:00:00,A,DIVMARPCT,XK,2012,7.7,
ESTAT:DEMO_NDIVIND$DEFAULTVIEW(1.0),16/05/22 11:00:00,A,DIVMARPCT,XK,2015,7.8,
ESTAT:DEMO_NDIVIND$DEFAULTVIEW(1.0),16/05/22 11:00:00,A,DIVMARPCT,XK,2016,6.9,
ESTAT:DEMO_NDIVIND$DEFAULTVIEW(1.0),16/05/22 11:00:00,A,DIVMARPCT,XK,2017,6.3,
ESTAT:DEMO_NDIVIND$DEFAULTVIEW(1.0),16/05/22 11:00:00,A,DIVMARPCT,XK,2018,5.9,
ESTAT:DEMO_NDIVIND$DEFAULTVIEW(1.0),16/05/22 11:00:00,A,DIVMARPCT,XK,2019,4.6,
